data_referencia,mes,municipio,estado,regiao_operacional,latitude,longitude,cultura,fase_cultura,area_ha,produtividade_esperada_sc_ha,produtividade_revisada_sc_ha,preco_referencia_rs_sc,percentual_vendido,producao_esperada_sc,producao_revisada_sc,volume_vendido_sc,nino34,oni,prob_el_nino,prob_neutro,prob_la_nina,chuva_7d_mm,chuva_15d_mm,chuva_30d_mm,anomalia_temp_c,temperatura_media_c,dias_sem_chuva,umidade_solo_pct,ndvi_atual,ndvi_anterior,variacao_ndvi_pct,irea_indice_risco_enso_agricola,risco_produtivo,risco_comercial_score,risco_comercial,risco_entrega_sc,valor_producao_revisada_rs,recomendacao
2026-06-01,06/2026,Rio Verde,GO,Sudoeste Goiano,-17.792,-50.919,Soja,entressafra/preparo,900,60,58.7,120,0.3,54000,52830.0,16200.0,1.05,0.95,0.9,0.08,0.02,17.6,31.8,62.5,1.88,27.74,7,24.0,0.742,0.746,-0.4,46.6,Moderado,39.8,Baixo,351,6339600.0,"Manter acompanhamento semanal, checar umidade do solo e vender apenas com margem de segurança."
2026-07-01,07/2026,Rio Verde,GO,Sudoeste Goiano,-17.792,-50.919,Soja,entressafra/preparo,900,60,57.4,120,0.3,54000,51660.0,16200.0,1.15,1.05,0.92,0.06,0.02,8.6,18.4,39.9,1.86,26.71,10,12.6,0.68,0.703,-3.3,59.3,Alto,47.4,Moderado,702,6199200.0,Priorizar vistoria e acompanhar nova rodada climática antes de acelerar venda futura.
2026-08-01,08/2026,Rio Verde,GO,Sudoeste Goiano,-17.792,-50.919,Soja,preparo e planejamento,900,60,56.0,120,0.3,54000,50400.0,16200.0,1.25,1.15,0.94,0.05,0.01,6.9,0.0,9.8,1.94,27.98,20,8.0,0.689,0.675,2.0,72.2,Alto,55.2,Moderado,1080,6048000.0,Priorizar vistoria e acompanhar nova rodada climática antes de acelerar venda futura.
2026-09-01,09/2026,Rio Verde,GO,Sudoeste Goiano,-17.792,-50.919,Soja,pre-plantio,900,60,56.1,120,0.3,54000,50490.0,16200.0,1.35,1.25,0.95,0.04,0.01,6.0,11.2,27.4,1.25,28.36,20,8.0,0.708,0.692,2.2,71.5,Alto,54.8,Moderado,1053,6058800.0,Priorizar vistoria e acompanhar nova rodada climática antes de acelerar venda futura.
2026-10-01,10/2026,Rio Verde,GO,Sudoeste Goiano,-17.792,-50.919,Soja,plantio/emergencia,900,60,56.9,120,0.3,54000,51210.0,16200.0,1.45,1.35,0.96,0.03,0.01,12.7,25.0,66.9,1.15,27.59,12,19.1,0.691,0.669,3.3,63.6,Alto,50.0,Moderado,837,6145200.0,Priorizar vistoria e acompanhar nova rodada climática antes de acelerar venda futura.
2026-11-01,11/2026,Rio Verde,GO,Sudoeste Goiano,-17.792,-50.919,Soja,desenvolvimento vegetativo,900,60,58.0,120,0.3,54000,52200.0,16200.0,1.55,1.45,0.96,0.03,0.01,30.3,54.1,108.5,2.29,27.23,7,25.9,0.696,0.726,-4.2,53.9,Moderado,44.1,Baixo,540,6264000.0,"Manter acompanhamento semanal, checar umidade do solo e vender apenas com margem de segurança."
2026-12-01,12/2026,Rio Verde,GO,Sudoeste Goiano,-17.792,-50.919,Soja,florescimento,900,60,57.5,120,0.3,54000,51750.0,16200.0,1.65,1.55,0.96,0.03,0.01,34.8,82.3,149.3,1.22,27.42,7,34.1,0.703,0.69,1.8,57.8,Alto,46.5,Moderado,675,6210000.0,Priorizar vistoria e acompanhar nova rodada climática antes de acelerar venda futura.
2027-01-01,01/2027,Rio Verde,GO,Sudoeste Goiano,-17.792,-50.919,Soja,enchimento de graos,900,60,57.7,120,0.3,54000,51930.0,16200.0,1.5,1.45,0.93,0.05,0.02,41.4,81.7,149.2,1.08,27.68,5,34.3,0.718,0.772,-6.9,56.5,Alto,45.7,Moderado,621,6231600.0,Priorizar vistoria e acompanhar nova rodada climática antes de acelerar venda futura.
2027-02-01,02/2027,Rio Verde,GO,Sudoeste Goiano,-17.792,-50.919,Soja,maturacao/colheita,900,60,58.5,120,0.3,54000,52650.0,16200.0,1.3,1.25,0.88,0.09,0.03,25.8,77.9,134.7,2.51,28.56,7,31.8,0.671,0.68,-1.4,48.5,Moderado,40.9,Baixo,405,6318000.0,"Manter acompanhamento semanal, checar umidade do solo e vender apenas com margem de segurança."
2026-06-01,06/2026,Rio Verde,GO,Sudoeste Goiano,-17.792,-50.919,Milho safrinha,enchimento de graos,380,115,106.2,60,0.7,43700,40356.0,30590.0,1.05,0.95,0.9,0.08,0.02,13.7,39.2,61.2,1.3,27.0,9,20.1,0.606,0.633,-4.4,66.9,Alto,73.7,Alto,2341,2421360.0,Priorizar vistoria e acompanhar nova rodada climática antes de acelerar venda futura.
2026-07-01,07/2026,Rio Verde,GO,Sudoeste Goiano,-17.792,-50.919,Milho safrinha,maturacao/colheita,380,115,106.9,60,0.7,43700,40622.0,30590.0,1.15,1.05,0.92,0.06,0.02,6.9,23.5,35.9,1.72,27.48,11,14.4,0.63,0.645,-2.3,64.4,Alto,71.9,Alto,2155,2437320.0,Priorizar vistoria e acompanhar nova rodada climática antes de acelerar venda futura.
2026-08-01,08/2026,Rio Verde,GO,Sudoeste Goiano,-17.792,-50.919,Milho safrinha,pos-colheita/comercializacao,380,115,105.1,60,0.7,43700,39938.0,30590.0,1.25,1.15,0.94,0.05,0.01,2.7,1.2,15.9,1.91,27.43,22,8.0,0.658,0.677,-2.9,71.0,Alto,76.6,Alto,2633,2396280.0,Priorizar vistoria e acompanhar nova rodada climática antes de acelerar venda futura.
2026-09-01,09/2026,Rio Verde,GO,Sudoeste Goiano,-17.792,-50.919,Milho safrinha,planejamento,380,115,105.2,60,0.7,43700,39976.0,30590.0,1.35,1.25,0.95,0.04,0.01,0.8,13.3,26.3,1.39,27.43,25,8.0,0.619,0.634,-2.2,70.5,Alto,76.2,Alto,2607,2398560.0,Priorizar vistoria e acompanhar nova rodada climática antes de acelerar venda futura.
2026-10-01,10/2026,Rio Verde,GO,Sudoeste Goiano,-17.792,-50.919,Milho safrinha,planejamento,380,115,108.4,60,0.7,43700,41192.0,30590.0,1.45,1.35,0.96,0.03,0.01,15.9,34.0,54.5,1.3,26.75,14,12.3,0.649,0.719,-9.7,58.8,Alto,67.9,Alto,1756,2471520.0,Priorizar vistoria e acompanhar nova rodada climática antes de acelerar venda futura.
2026-11-01,11/2026,Rio Verde,GO,Sudoeste Goiano,-17.792,-50.919,Milho safrinha,planejamento,380,115,111.4,60,0.7,43700,42332.0,30590.0,1.55,1.45,0.96,0.03,0.01,26.8,52.3,106.1,2.07,27.14,7,23.7,0.667,0.659,1.2,48.0,Moderado,60.1,Moderado,958,2539920.0,"Manter acompanhamento semanal, checar umidade do solo e vender apenas com margem de segurança."
2026-12-01,12/2026,Rio Verde,GO,Sudoeste Goiano,-17.792,-50.919,Milho safrinha,planejamento de janela,380,115,112.4,60,0.7,43700,42712.0,30590.0,1.65,1.55,0.96,0.03,0.01,37.5,76.1,153.9,1.5,26.76,6,40.3,0.622,0.641,-3.1,44.5,Moderado,57.6,Moderado,692,2562720.0,"Manter acompanhamento semanal, checar umidade do solo e vender apenas com margem de segurança."
2027-01-01,01/2027,Rio Verde,GO,Sudoeste Goiano,-17.792,-50.919,Milho safrinha,pre-safrinha,380,115,112.8,60,0.7,43700,42864.0,30590.0,1.5,1.45,0.93,0.05,0.02,36.9,88.3,162.3,0.77,27.08,5,39.7,0.673,0.671,0.3,42.9,Moderado,56.4,Moderado,585,2571840.0,"Manter acompanhamento semanal, checar umidade do solo e vender apenas com margem de segurança."
2027-02-01,02/2027,Rio Verde,GO,Sudoeste Goiano,-17.792,-50.919,Milho safrinha,plantio safrinha,380,115,108.7,60,0.7,43700,41306.0,30590.0,1.3,1.25,0.88,0.09,0.03,32.1,72.8,137.1,2.77,29.05,5,34.2,0.612,0.647,-5.4,57.7,Alto,67.1,Alto,1676,2478360.0,Priorizar vistoria e acompanhar nova rodada climática antes de acelerar venda futura.
2026-06-01,06/2026,Jataí,GO,Sudoeste Goiano,-17.879,-51.721,Soja,entressafra/preparo,520,60,58.5,120,0.3,31200,30420.0,9360.0,1.05,0.95,0.9,0.08,0.02,20.0,31.5,68.4,1.6,28.09,11,18.7,0.701,0.694,1.0,49.1,Moderado,41.3,Baixo,234,3650400.0,"Manter acompanhamento semanal, checar umidade do solo e vender apenas com margem de segurança."
2026-07-01,07/2026,Jataí,GO,Sudoeste Goiano,-17.879,-51.721,Soja,entressafra/preparo,520,60,57.1,120,0.3,31200,29692.0,9360.0,1.15,1.05,0.92,0.06,0.02,7.9,14.0,27.7,1.87,28.37,14,15.4,0.695,0.778,-10.7,61.5,Alto,48.8,Moderado,452,3563040.0,Priorizar vistoria e acompanhar nova rodada climática antes de acelerar venda futura.
2026-08-01,08/2026,Jataí,GO,Sudoeste Goiano,-17.879,-51.721,Soja,preparo e planejamento,520,60,56.0,120,0.3,31200,29120.0,9360.0,1.25,1.15,0.94,0.05,0.01,2.7,8.0,23.6,2.12,27.99,24,8.6,0.685,0.679,0.9,72.0,Alto,55.1,Moderado,624,3494400.0,Priorizar vistoria e acompanhar nova rodada climática antes de acelerar venda futura.
2026-09-01,09/2026,Jataí,GO,Sudoeste Goiano,-17.879,-51.721,Soja,pre-plantio,520,60,55.6,120,0.3,31200,28912.0,9360.0,1.35,1.25,0.95,0.04,0.01,5.2,3.2,10.4,1.45,26.7,21,8.0,0.659,0.678,-2.8,75.8,Alto,57.4,Moderado,686,3469440.0,Priorizar vistoria e acompanhar nova rodada climática antes de acelerar venda futura.
2026-10-01,10/2026,Jataí,GO,Sudoeste Goiano,-17.879,-51.721,Soja,plantio/emergencia,520,60,56.5,120,0.3,31200,29380.0,9360.0,1.45,1.35,0.96,0.03,0.01,17.5,28.4,65.5,1.24,27.89,14,14.4,0.669,0.697,-4.0,67.8,Alto,52.5,Moderado,546,3525600.0,Priorizar vistoria e acompanhar nova rodada climática antes de acelerar venda futura.
2026-11-01,11/2026,Jataí,GO,Sudoeste Goiano,-17.879,-51.721,Soja,desenvolvimento vegetativo,520,60,58.1,120,0.3,31200,30212.0,9360.0,1.55,1.45,0.96,0.03,0.01,41.5,64.8,119.6,2.34,29.02,8,30.7,0.707,0.741,-4.6,52.4,Moderado,43.3,Baixo,296,3625440.0,"Manter acompanhamento semanal, checar umidade do solo e vender apenas com margem de segurança."
2026-12-01,12/2026,Jataí,GO,Sudoeste Goiano,-17.879,-51.721,Soja,florescimento,520,60,57.8,120,0.3,31200,30056.0,9360.0,1.65,1.55,0.96,0.03,0.01,31.8,68.0,133.0,1.32,28.71,2,36.0,0.67,0.674,-0.5,55.4,Moderado,45.1,Moderado,343,3606720.0,"Manter acompanhamento semanal, checar umidade do solo e vender apenas com margem de segurança."
2027-01-01,01/2027,Jataí,GO,Sudoeste Goiano,-17.879,-51.721,Soja,enchimento de graos,520,60,58.2,120,0.3,31200,30264.0,9360.0,1.5,1.45,0.93,0.05,0.02,39.2,88.6,169.8,0.92,27.33,3,41.4,0.717,0.715,0.2,52.0,Moderado,43.0,Baixo,281,3631680.0,"Manter acompanhamento semanal, checar umidade do solo e vender apenas com margem de segurança."
2027-02-01,02/2027,Jataí,GO,Sudoeste Goiano,-17.879,-51.721,Soja,maturacao/colheita,520,60,58.5,120,0.3,31200,30420.0,9360.0,1.3,1.25,0.88,0.09,0.03,32.5,83.4,154.3,2.35,27.95,9,32.3,0.718,0.745,-3.7,48.5,Moderado,40.9,Baixo,234,3650400.0,"Manter acompanhamento semanal, checar umidade do solo e vender apenas com margem de segurança."
2026-06-01,06/2026,Jataí,GO,Sudoeste Goiano,-17.879,-51.721,Milho safrinha,enchimento de graos,450,115,106.2,60,0.3,51750,47790.0,15525.0,1.05,0.95,0.9,0.08,0.02,15.4,28.2,65.8,1.38,26.99,11,20.5,0.587,0.625,-6.1,66.9,Alto,52.6,Moderado,1188,2867400.0,Priorizar vistoria e acompanhar nova rodada climática antes de acelerar venda futura.
2026-07-01,07/2026,Jataí,GO,Sudoeste Goiano,-17.879,-51.721,Milho safrinha,maturacao/colheita,450,115,108.3,60,0.3,51750,48735.0,15525.0,1.15,1.05,0.92,0.06,0.02,9.0,33.3,54.1,1.68,28.44,12,17.9,0.653,0.645,1.3,59.2,Alto,47.8,Moderado,904,2924100.0,Priorizar vistoria e acompanhar nova rodada climática antes de acelerar venda futura.
2026-08-01,08/2026,Jataí,GO,Sudoeste Goiano,-17.879,-51.721,Milho safrinha,pos-colheita/comercializacao,450,115,105.1,60,0.3,51750,47295.0,15525.0,1.25,1.15,0.94,0.05,0.01,1.3,0.0,17.5,1.94,27.19,26,8.0,0.6,0.618,-3.0,71.0,Alto,55.1,Moderado,1336,2837700.0,Priorizar vistoria e acompanhar nova rodada climática antes de acelerar venda futura.
2026-09-01,09/2026,Jataí,GO,Sudoeste Goiano,-17.879,-51.721,Milho safrinha,planejamento,450,115,106.8,60,0.3,51750,48060.0,15525.0,1.35,1.25,0.95,0.04,0.01,12.7,12.0,37.0,1.4,26.81,21,11.8,0.608,0.625,-2.7,64.7,Alto,51.2,Moderado,1107,2883600.0,Priorizar vistoria e acompanhar nova rodada climática antes de acelerar venda futura.
2026-10-01,10/2026,Jataí,GO,Sudoeste Goiano,-17.879,-51.721,Milho safrinha,planejamento,450,115,108.2,60,0.3,51750,48690.0,15525.0,1.45,1.35,0.96,0.03,0.01,17.4,32.6,61.5,1.5,26.76,16,11.1,0.629,0.658,-4.5,59.8,Alto,48.2,Moderado,918,2921400.0,Priorizar vistoria e acompanhar nova rodada climática antes de acelerar venda futura.
2026-11-01,11/2026,Jataí,GO,Sudoeste Goiano,-17.879,-51.721,Milho safrinha,planejamento,450,115,112.1,60,0.3,51750,50445.0,15525.0,1.55,1.45,0.96,0.03,0.01,28.8,58.0,117.5,2.08,27.73,8,29.7,0.643,0.68,-5.5,45.5,Moderado,39.3,Baixo,392,3026700.0,"Manter acompanhamento semanal, checar umidade do solo e vender apenas com margem de segurança."
2026-12-01,12/2026,Jataí,GO,Sudoeste Goiano,-17.879,-51.721,Milho safrinha,planejamento de janela,450,115,112.2,60,0.3,51750,50490.0,15525.0,1.65,1.55,0.96,0.03,0.01,37.6,78.3,142.8,1.09,26.75,7,36.4,0.66,0.678,-2.6,45.0,Moderado,39.0,Baixo,378,3029400.0,"Manter acompanhamento semanal, checar umidade do solo e vender apenas com margem de segurança."
2027-01-01,01/2027,Jataí,GO,Sudoeste Goiano,-17.879,-51.721,Milho safrinha,pre-safrinha,450,115,112.6,60,0.3,51750,50670.0,15525.0,1.5,1.45,0.93,0.05,0.02,44.5,86.2,171.5,1.05,26.92,7,42.2,0.684,0.731,-6.5,43.7,Moderado,38.2,Baixo,324,3040200.0,"Manter acompanhamento semanal, checar umidade do solo e vender apenas com margem de segurança."
2027-02-01,02/2027,Jataí,GO,Sudoeste Goiano,-17.879,-51.721,Milho safrinha,plantio safrinha,450,115,108.7,60,0.3,51750,48915.0,15525.0,1.3,1.25,0.88,0.09,0.03,32.9,73.7,135.2,2.38,28.3,8,33.3,0.616,0.683,-9.9,57.8,Alto,46.9,Moderado,850,2934900.0,Priorizar vistoria e acompanhar nova rodada climática antes de acelerar venda futura.
2026-06-01,06/2026,Montividiu,GO,Sudoeste Goiano,-17.443,-51.172,Soja,entressafra/preparo,900,60,58.0,120,0.3,54000,52200.0,16200.0,1.05,0.95,0.9,0.08,0.02,15.7,19.4,48.9,1.7,28.07,9,16.4,0.691,0.708,-2.4,53.7,Moderado,44.0,Baixo,540,6264000.0,"Manter acompanhamento semanal, checar umidade do solo e vender apenas com margem de segurança."
2026-07-01,07/2026,Montividiu,GO,Sudoeste Goiano,-17.443,-51.172,Soja,entressafra/preparo,900,60,56.9,120,0.3,54000,51210.0,16200.0,1.15,1.05,0.92,0.06,0.02,6.8,19.9,28.9,1.59,27.4,14,9.8,0.678,0.699,-3.0,63.5,Alto,50.0,Moderado,837,6145200.0,Priorizar vistoria e acompanhar nova rodada climática antes de acelerar venda futura.
2026-08-01,08/2026,Montividiu,GO,Sudoeste Goiano,-17.443,-51.172,Soja,preparo e planejamento,900,60,56.0,120,0.3,54000,50400.0,16200.0,1.25,1.15,0.94,0.05,0.01,3.6,8.0,20.2,2.06,27.19,20,8.0,0.682,0.705,-3.2,71.6,Alto,54.9,Moderado,1080,6048000.0,Priorizar vistoria e acompanhar nova rodada climática antes de acelerar venda futura.
2026-09-01,09/2026,Montividiu,GO,Sudoeste Goiano,-17.443,-51.172,Soja,pre-plantio,900,60,56.4,120,0.3,54000,50760.0,16200.0,1.35,1.25,0.95,0.04,0.01,8.8,23.7,37.3,1.4,26.8,20,10.7,0.7,0.694,0.8,68.7,Alto,53.1,Moderado,972,6091200.0,Priorizar vistoria e acompanhar nova rodada climática antes de acelerar venda futura.
2026-10-01,10/2026,Montividiu,GO,Sudoeste Goiano,-17.443,-51.172,Soja,plantio/emergencia,900,60,57.1,120,0.3,54000,51390.0,16200.0,1.45,1.35,0.96,0.03,0.01,17.1,43.9,69.7,1.2,27.61,11,20.8,0.702,0.719,-2.4,61.8,Alto,48.9,Moderado,783,6166800.0,Priorizar vistoria e acompanhar nova rodada climática antes de acelerar venda futura.
2026-11-01,11/2026,Montividiu,GO,Sudoeste Goiano,-17.443,-51.172,Soja,desenvolvimento vegetativo,900,60,57.5,120,0.3,54000,51750.0,16200.0,1.55,1.45,0.96,0.03,0.01,28.5,56.3,108.0,2.56,29.14,11,23.2,0.729,0.748,-2.6,58.0,Alto,46.6,Moderado,675,6210000.0,Priorizar vistoria e acompanhar nova rodada climática antes de acelerar venda futura.
2026-12-01,12/2026,Montividiu,GO,Sudoeste Goiano,-17.443,-51.172,Soja,florescimento,900,60,57.8,120,0.3,54000,52020.0,16200.0,1.65,1.55,0.96,0.03,0.01,37.4,79.0,159.7,1.15,25.88,4,36.1,0.714,0.738,-3.2,55.5,Moderado,45.1,Moderado,594,6242400.0,"Manter acompanhamento semanal, checar umidade do solo e vender apenas com margem de segurança."
2027-01-01,01/2027,Montividiu,GO,Sudoeste Goiano,-17.443,-51.172,Soja,enchimento de graos,900,60,58.4,120,0.3,54000,52560.0,16200.0,1.5,1.45,0.93,0.05,0.02,42.5,96.7,176.9,0.88,27.18,2,47.8,0.748,0.752,-0.4,49.6,Moderado,41.6,Baixo,432,6307200.0,"Manter acompanhamento semanal, checar umidade do solo e vender apenas com margem de segurança."
2027-02-01,02/2027,Montividiu,GO,Sudoeste Goiano,-17.443,-51.172,Soja,maturacao/colheita,900,60,58.4,120,0.3,54000,52560.0,16200.0,1.3,1.25,0.88,0.09,0.03,29.6,69.0,119.6,2.61,27.65,6,29.0,0.72,0.724,-0.5,49.8,Moderado,41.7,Baixo,432,6307200.0,"Manter acompanhamento semanal, checar umidade do solo e vender apenas com margem de segurança."
2026-06-01,06/2026,Montividiu,GO,Sudoeste Goiano,-17.443,-51.172,Milho safrinha,enchimento de graos,900,115,105.4,60,0.7,103500,94860.0,72450.0,1.05,0.95,0.9,0.08,0.02,15.5,27.7,63.6,1.53,27.84,9,15.9,0.575,0.622,-7.6,69.9,Alto,75.8,Alto,6048,5691600.0,Priorizar vistoria e acompanhar nova rodada climática antes de acelerar venda futura.
2026-07-01,07/2026,Montividiu,GO,Sudoeste Goiano,-17.443,-51.172,Milho safrinha,maturacao/colheita,900,115,107.4,60,0.7,103500,96660.0,72450.0,1.15,1.05,0.92,0.06,0.02,14.2,16.0,38.0,1.83,28.54,14,19.1,0.671,0.679,-1.3,62.7,Alto,70.6,Alto,4788,5799600.0,Priorizar vistoria e acompanhar nova rodada climática antes de acelerar venda futura.
2026-08-01,08/2026,Montividiu,GO,Sudoeste Goiano,-17.443,-51.172,Milho safrinha,pos-colheita/comercializacao,900,115,105.3,60,0.7,103500,94770.0,72450.0,1.25,1.15,0.94,0.05,0.01,10.8,17.1,26.7,1.76,28.17,25,8.0,0.583,0.547,6.6,70.0,Alto,75.9,Alto,6111,5686200.0,Priorizar vistoria e acompanhar nova rodada climática antes de acelerar venda futura.
2026-09-01,09/2026,Montividiu,GO,Sudoeste Goiano,-17.443,-51.172,Milho safrinha,planejamento,900,115,105.7,60,0.7,103500,95130.0,72450.0,1.35,1.25,0.95,0.04,0.01,9.9,14.8,21.6,1.42,28.4,18,8.0,0.614,0.639,-3.9,68.7,Alto,74.9,Alto,5859,5707800.0,Priorizar vistoria e acompanhar nova rodada climática antes de acelerar venda futura.
2026-10-01,10/2026,Montividiu,GO,Sudoeste Goiano,-17.443,-51.172,Milho safrinha,planejamento,900,115,110.5,60,0.7,103500,99450.0,72450.0,1.45,1.35,0.96,0.03,0.01,15.9,23.3,64.7,0.77,27.17,12,16.6,0.636,0.624,1.8,51.4,Moderado,62.5,Moderado,2835,5967000.0,"Manter acompanhamento semanal, checar umidade do solo e vender apenas com margem de segurança."
2026-11-01,11/2026,Montividiu,GO,Sudoeste Goiano,-17.443,-51.172,Milho safrinha,planejamento,900,115,112.0,60,0.7,103500,100800.0,72450.0,1.55,1.45,0.96,0.03,0.01,25.7,64.3,114.4,2.33,28.01,5,28.3,0.633,0.634,-0.2,46.0,Moderado,58.6,Moderado,1890,6048000.0,"Manter acompanhamento semanal, checar umidade do solo e vender apenas com margem de segurança."
2026-12-01,12/2026,Montividiu,GO,Sudoeste Goiano,-17.443,-51.172,Milho safrinha,planejamento de janela,900,115,111.9,60,0.7,103500,100710.0,72450.0,1.65,1.55,0.96,0.03,0.01,32.4,77.0,129.2,1.13,27.26,5,32.0,0.673,0.707,-4.8,46.4,Moderado,58.9,Moderado,1953,6042600.0,"Manter acompanhamento semanal, checar umidade do solo e vender apenas com margem de segurança."
2027-01-01,01/2027,Montividiu,GO,Sudoeste Goiano,-17.443,-51.172,Milho safrinha,pre-safrinha,900,115,113.2,60,0.7,103500,101880.0,72450.0,1.5,1.45,0.93,0.05,0.02,38.0,77.8,155.2,0.52,25.61,7,42.3,0.661,0.691,-4.3,41.6,Moderado,55.5,Moderado,1134,6112800.0,"Manter acompanhamento semanal, checar umidade do solo e vender apenas com margem de segurança."
2027-02-01,02/2027,Montividiu,GO,Sudoeste Goiano,-17.443,-51.172,Milho safrinha,plantio safrinha,900,115,109.3,60,0.7,103500,98370.0,72450.0,1.3,1.25,0.88,0.09,0.03,37.8,87.1,137.8,2.27,27.7,4,33.8,0.622,0.601,3.4,55.5,Moderado,65.5,Alto,3591,5902200.0,"Manter acompanhamento semanal, checar umidade do solo e vender apenas com margem de segurança."
2026-06-01,06/2026,Mineiros,GO,Sudoeste Goiano,-17.569,-52.551,Soja,entressafra/preparo,750,60,58.0,120,0.3,45000,43500.0,13500.0,1.05,0.95,0.9,0.08,0.02,18.1,21.7,52.2,1.72,27.72,10,16.9,0.692,0.745,-7.1,53.2,Moderado,43.8,Baixo,450,5220000.0,"Manter acompanhamento semanal, checar umidade do solo e vender apenas com margem de segurança."
2026-07-01,07/2026,Mineiros,GO,Sudoeste Goiano,-17.569,-52.551,Soja,entressafra/preparo,750,60,57.7,120,0.3,45000,43275.0,13500.0,1.15,1.05,0.92,0.06,0.02,9.4,15.5,39.9,1.58,26.75,15,19.0,0.674,0.703,-4.1,56.4,Alto,45.7,Moderado,518,5193000.0,Priorizar vistoria e acompanhar nova rodada climática antes de acelerar venda futura.
2026-08-01,08/2026,Mineiros,GO,Sudoeste Goiano,-17.569,-52.551,Soja,preparo e planejamento,750,60,56.0,120,0.3,45000,42000.0,13500.0,1.25,1.15,0.94,0.05,0.01,1.3,3.9,12.1,1.78,27.81,21,8.0,0.685,0.694,-1.3,72.2,Alto,55.2,Moderado,900,5040000.0,Priorizar vistoria e acompanhar nova rodada climática antes de acelerar venda futura.
2026-09-01,09/2026,Mineiros,GO,Sudoeste Goiano,-17.569,-52.551,Soja,pre-plantio,750,60,55.8,120,0.3,45000,41850.0,13500.0,1.35,1.25,0.95,0.04,0.01,6.2,5.3,15.8,1.53,26.94,21,9.5,0.642,0.67,-4.3,74.2,Alto,56.4,Moderado,945,5022000.0,Priorizar vistoria e acompanhar nova rodada climática antes de acelerar venda futura.
2026-10-01,10/2026,Mineiros,GO,Sudoeste Goiano,-17.569,-52.551,Soja,plantio/emergencia,750,60,57.0,120,0.3,45000,42750.0,13500.0,1.45,1.35,0.96,0.03,0.01,12.5,33.6,59.0,0.65,25.67,12,19.3,0.677,0.708,-4.4,62.9,Alto,49.6,Moderado,675,5130000.0,Priorizar vistoria e acompanhar nova rodada climática antes de acelerar venda futura.
2026-11-01,11/2026,Mineiros,GO,Sudoeste Goiano,-17.569,-52.551,Soja,desenvolvimento vegetativo,750,60,58.1,120,0.3,45000,43575.0,13500.0,1.55,1.45,0.96,0.03,0.01,21.4,51.7,100.0,2.04,28.07,5,25.2,0.74,0.741,-0.1,52.4,Moderado,43.3,Baixo,428,5229000.0,"Manter acompanhamento semanal, checar umidade do solo e vender apenas com margem de segurança."
2026-12-01,12/2026,Mineiros,GO,Sudoeste Goiano,-17.569,-52.551,Soja,florescimento,750,60,57.6,120,0.3,45000,43200.0,13500.0,1.65,1.55,0.96,0.03,0.01,38.5,71.1,147.5,1.66,26.18,4,37.3,0.703,0.728,-3.3,56.9,Alto,46.0,Moderado,540,5184000.0,Priorizar vistoria e acompanhar nova rodada climática antes de acelerar venda futura.
2027-01-01,01/2027,Mineiros,GO,Sudoeste Goiano,-17.569,-52.551,Soja,enchimento de graos,750,60,57.6,120,0.3,45000,43200.0,13500.0,1.5,1.45,0.93,0.05,0.02,38.2,80.8,154.6,1.39,27.54,5,35.7,0.696,0.7,-0.6,57.1,Alto,46.1,Moderado,540,5184000.0,Priorizar vistoria e acompanhar nova rodada climática antes de acelerar venda futura.
2027-02-01,02/2027,Mineiros,GO,Sudoeste Goiano,-17.569,-52.551,Soja,maturacao/colheita,750,60,58.6,120,0.3,45000,43950.0,13500.0,1.3,1.25,0.88,0.09,0.03,35.5,69.9,138.6,2.82,29.34,7,35.5,0.711,0.675,5.3,48.1,Moderado,40.7,Baixo,315,5274000.0,"Manter acompanhamento semanal, checar umidade do solo e vender apenas com margem de segurança."
2026-06-01,06/2026,Mineiros,GO,Sudoeste Goiano,-17.569,-52.551,Milho safrinha,enchimento de graos,750,115,104.8,60,0.5,86250,78600.0,43125.0,1.05,0.95,0.9,0.08,0.02,11.2,16.1,48.9,1.5,28.51,8,16.3,0.63,0.59,6.8,71.8,Alto,66.4,Alto,3825,4716000.0,Priorizar vistoria e acompanhar nova rodada climática antes de acelerar venda futura.
2026-07-01,07/2026,Mineiros,GO,Sudoeste Goiano,-17.569,-52.551,Milho safrinha,maturacao/colheita,750,115,106.4,60,0.5,86250,79800.0,43125.0,1.15,1.05,0.92,0.06,0.02,4.8,23.2,37.1,2.09,28.29,13,14.6,0.677,0.696,-2.8,66.2,Alto,62.6,Moderado,3225,4788000.0,Priorizar vistoria e acompanhar nova rodada climática antes de acelerar venda futura.
2026-08-01,08/2026,Mineiros,GO,Sudoeste Goiano,-17.569,-52.551,Milho safrinha,pos-colheita/comercializacao,750,115,105.1,60,0.5,86250,78825.0,43125.0,1.25,1.15,0.94,0.05,0.01,2.5,8.2,20.2,2.21,27.7,23,8.0,0.623,0.646,-3.6,71.0,Alto,65.9,Alto,3712,4729500.0,Priorizar vistoria e acompanhar nova rodada climática antes de acelerar venda futura.
2026-09-01,09/2026,Mineiros,GO,Sudoeste Goiano,-17.569,-52.551,Milho safrinha,planejamento,750,115,107.1,60,0.5,86250,80325.0,43125.0,1.35,1.25,0.95,0.04,0.01,7.5,14.8,33.3,1.16,26.89,21,13.1,0.602,0.639,-5.8,63.6,Alto,60.9,Moderado,2962,4819500.0,Priorizar vistoria e acompanhar nova rodada climática antes de acelerar venda futura.
2026-10-01,10/2026,Mineiros,GO,Sudoeste Goiano,-17.569,-52.551,Milho safrinha,planejamento,750,115,113.0,60,0.5,86250,84750.0,43125.0,1.45,1.35,0.96,0.03,0.01,24.9,42.2,77.2,0.91,26.16,8,27.1,0.683,0.696,-2.0,42.2,Moderado,46.6,Moderado,750,5085000.0,"Manter acompanhamento semanal, checar umidade do solo e vender apenas com margem de segurança."
2026-11-01,11/2026,Mineiros,GO,Sudoeste Goiano,-17.569,-52.551,Milho safrinha,planejamento,750,115,112.0,60,0.5,86250,84000.0,43125.0,1.55,1.45,0.96,0.03,0.01,36.7,55.5,117.5,2.23,28.3,8,29.9,0.664,0.66,0.7,46.0,Moderado,49.1,Moderado,1125,5040000.0,"Manter acompanhamento semanal, checar umidade do solo e vender apenas com margem de segurança."
2026-12-01,12/2026,Mineiros,GO,Sudoeste Goiano,-17.569,-52.551,Milho safrinha,planejamento de janela,750,115,111.7,60,0.5,86250,83775.0,43125.0,1.65,1.55,0.96,0.03,0.01,40.1,84.4,144.2,1.7,27.39,4,34.6,0.658,0.701,-6.0,47.0,Moderado,49.8,Moderado,1238,5026500.0,"Manter acompanhamento semanal, checar umidade do solo e vender apenas com margem de segurança."
2027-01-01,01/2027,Mineiros,GO,Sudoeste Goiano,-17.569,-52.551,Milho safrinha,pre-safrinha,750,115,113.0,60,0.5,86250,84750.0,43125.0,1.5,1.45,0.93,0.05,0.02,35.7,82.9,144.8,0.99,26.38,1,39.2,0.668,0.65,2.7,42.4,Moderado,46.7,Moderado,750,5085000.0,"Manter acompanhamento semanal, checar umidade do solo e vender apenas com margem de segurança."
2027-02-01,02/2027,Mineiros,GO,Sudoeste Goiano,-17.569,-52.551,Milho safrinha,plantio safrinha,750,115,108.5,60,0.5,86250,81375.0,43125.0,1.3,1.25,0.88,0.09,0.03,35.8,62.5,123.3,2.24,27.34,7,29.0,0.567,0.581,-2.3,58.7,Alto,57.6,Moderado,2438,4882500.0,Priorizar vistoria e acompanhar nova rodada climática antes de acelerar venda futura.
2026-06-01,06/2026,Santa Helena de Goiás,GO,Sudoeste Goiano,-17.813,-50.596,Soja,entressafra/preparo,380,60,58.9,120,0.3,22800,22382.0,6840.0,1.05,0.95,0.9,0.08,0.02,19.5,32.6,55.9,1.78,27.62,5,26.4,0.727,0.742,-2.1,45.3,Moderado,39.0,Baixo,125,2685840.0,"Manter acompanhamento semanal, checar umidade do solo e vender apenas com margem de segurança."
2026-07-01,07/2026,Santa Helena de Goiás,GO,Sudoeste Goiano,-17.813,-50.596,Soja,entressafra/preparo,380,60,57.1,120,0.3,22800,21698.0,6840.0,1.15,1.05,0.92,0.06,0.02,8.3,19.1,34.8,1.66,27.33,13,11.2,0.684,0.702,-2.5,61.5,Alto,48.8,Moderado,331,2603760.0,Priorizar vistoria e acompanhar nova rodada climática antes de acelerar venda futura.
2026-08-01,08/2026,Santa Helena de Goiás,GO,Sudoeste Goiano,-17.813,-50.596,Soja,preparo e planejamento,380,60,56.0,120,0.3,22800,21280.0,6840.0,1.25,1.15,0.94,0.05,0.01,0.0,15.7,15.7,2.27,29.02,18,8.0,0.677,0.657,3.1,72.2,Alto,55.2,Moderado,456,2553600.0,Priorizar vistoria e acompanhar nova rodada climática antes de acelerar venda futura.
2026-09-01,09/2026,Santa Helena de Goiás,GO,Sudoeste Goiano,-17.813,-50.596,Soja,pre-plantio,380,60,55.6,120,0.3,22800,21128.0,6840.0,1.35,1.25,0.95,0.04,0.01,9.5,3.3,17.0,1.63,28.39,22,8.0,0.668,0.696,-3.9,75.7,Alto,57.3,Moderado,502,2535360.0,Priorizar vistoria e acompanhar nova rodada climática antes de acelerar venda futura.
2026-10-01,10/2026,Santa Helena de Goiás,GO,Sudoeste Goiano,-17.813,-50.596,Soja,plantio/emergencia,380,60,56.5,120,0.3,22800,21470.0,6840.0,1.45,1.35,0.96,0.03,0.01,12.8,31.6,54.0,1.01,27.44,12,16.2,0.723,0.711,1.7,67.1,Alto,52.2,Moderado,399,2576400.0,Priorizar vistoria e acompanhar nova rodada climática antes de acelerar venda futura.
2026-11-01,11/2026,Santa Helena de Goiás,GO,Sudoeste Goiano,-17.813,-50.596,Soja,desenvolvimento vegetativo,380,60,58.0,120,0.3,22800,22040.0,6840.0,1.55,1.45,0.96,0.03,0.01,29.2,65.6,120.5,2.28,27.53,8,28.4,0.701,0.742,-5.6,53.1,Moderado,43.7,Baixo,228,2644800.0,"Manter acompanhamento semanal, checar umidade do solo e vender apenas com margem de segurança."
2026-12-01,12/2026,Santa Helena de Goiás,GO,Sudoeste Goiano,-17.813,-50.596,Soja,florescimento,380,60,57.0,120,0.3,22800,21660.0,6840.0,1.65,1.55,0.96,0.03,0.01,28.7,62.5,133.7,1.45,26.68,9,25.7,0.742,0.762,-2.7,63.2,Alto,49.8,Moderado,342,2599200.0,Priorizar vistoria e acompanhar nova rodada climática antes de acelerar venda futura.
2027-01-01,01/2027,Santa Helena de Goiás,GO,Sudoeste Goiano,-17.813,-50.596,Soja,enchimento de graos,380,60,57.9,120,0.3,22800,22002.0,6840.0,1.5,1.45,0.93,0.05,0.02,41.0,80.0,159.1,1.09,27.75,5,38.5,0.703,0.716,-1.9,54.7,Moderado,44.6,Baixo,239,2640240.0,"Manter acompanhamento semanal, checar umidade do solo e vender apenas com margem de segurança."
2027-02-01,02/2027,Santa Helena de Goiás,GO,Sudoeste Goiano,-17.813,-50.596,Soja,maturacao/colheita,380,60,58.6,120,0.3,22800,22268.0,6840.0,1.3,1.25,0.88,0.09,0.03,30.4,63.1,137.8,2.49,28.59,7,32.2,0.73,0.731,-0.2,48.3,Moderado,40.8,Baixo,160,2672160.0,"Manter acompanhamento semanal, checar umidade do solo e vender apenas com margem de segurança."
2026-06-01,06/2026,Santa Helena de Goiás,GO,Sudoeste Goiano,-17.813,-50.596,Milho safrinha,enchimento de graos,380,115,104.9,60,0.3,43700,39862.0,13110.0,1.05,0.95,0.9,0.08,0.02,9.8,27.5,51.0,1.6,26.58,10,18.0,0.616,0.656,-6.0,71.5,Alto,55.5,Moderado,1151,2391720.0,Priorizar vistoria e acompanhar nova rodada climática antes de acelerar venda futura.
2026-07-01,07/2026,Santa Helena de Goiás,GO,Sudoeste Goiano,-17.813,-50.596,Milho safrinha,maturacao/colheita,380,115,108.0,60,0.3,43700,41040.0,13110.0,1.15,1.05,0.92,0.06,0.02,7.0,31.1,50.0,1.48,27.11,14,17.0,0.613,0.633,-3.1,60.5,Alto,48.6,Moderado,798,2462400.0,Priorizar vistoria e acompanhar nova rodada climática antes de acelerar venda futura.
2026-08-01,08/2026,Santa Helena de Goiás,GO,Sudoeste Goiano,-17.813,-50.596,Milho safrinha,pos-colheita/comercializacao,380,115,105.2,60,0.3,43700,39976.0,13110.0,1.25,1.15,0.94,0.05,0.01,0.0,2.8,11.2,1.77,26.96,21,9.4,0.588,0.669,-12.1,70.4,Alto,54.8,Moderado,1117,2398560.0,Priorizar vistoria e acompanhar nova rodada climática antes de acelerar venda futura.
2026-09-01,09/2026,Santa Helena de Goiás,GO,Sudoeste Goiano,-17.813,-50.596,Milho safrinha,planejamento,380,115,107.1,60,0.3,43700,40698.0,13110.0,1.35,1.25,0.95,0.04,0.01,4.5,15.7,28.4,1.58,27.23,21,17.2,0.622,0.666,-6.6,63.7,Alto,50.6,Moderado,901,2441880.0,Priorizar vistoria e acompanhar nova rodada climática antes de acelerar venda futura.
2026-10-01,10/2026,Santa Helena de Goiás,GO,Sudoeste Goiano,-17.813,-50.596,Milho safrinha,planejamento,380,115,109.8,60,0.3,43700,41724.0,13110.0,1.45,1.35,0.96,0.03,0.01,20.0,30.3,58.7,0.94,28.03,13,16.2,0.66,0.699,-5.6,53.8,Moderado,44.4,Baixo,593,2503440.0,"Manter acompanhamento semanal, checar umidade do solo e vender apenas com margem de segurança."
2026-11-01,11/2026,Santa Helena de Goiás,GO,Sudoeste Goiano,-17.813,-50.596,Milho safrinha,planejamento,380,115,112.0,60,0.3,43700,42560.0,13110.0,1.55,1.45,0.96,0.03,0.01,28.0,54.9,120.6,2.14,28.1,8,29.6,0.626,0.65,-3.8,45.8,Moderado,39.5,Baixo,342,2553600.0,"Manter acompanhamento semanal, checar umidade do solo e vender apenas com margem de segurança."
2026-12-01,12/2026,Santa Helena de Goiás,GO,Sudoeste Goiano,-17.813,-50.596,Milho safrinha,planejamento de janela,380,115,111.2,60,0.3,43700,42256.0,13110.0,1.65,1.55,0.96,0.03,0.01,39.6,78.5,145.5,1.51,27.79,5,30.1,0.665,0.685,-2.9,48.6,Moderado,41.2,Baixo,433,2535360.0,"Manter acompanhamento semanal, checar umidade do solo e vender apenas com margem de segurança."
2027-01-01,01/2027,Santa Helena de Goiás,GO,Sudoeste Goiano,-17.813,-50.596,Milho safrinha,pre-safrinha,380,115,111.9,60,0.3,43700,42522.0,13110.0,1.5,1.45,0.93,0.05,0.02,37.4,78.1,162.4,1.36,27.34,6,38.1,0.659,0.698,-5.5,46.3,Moderado,39.8,Baixo,353,2551320.0,"Manter acompanhamento semanal, checar umidade do solo e vender apenas com margem de segurança."
2027-02-01,02/2027,Santa Helena de Goiás,GO,Sudoeste Goiano,-17.813,-50.596,Milho safrinha,plantio safrinha,380,115,108.5,60,0.3,43700,41230.0,13110.0,1.3,1.25,0.88,0.09,0.03,31.2,68.3,130.4,2.19,28.0,8,29.4,0.666,0.659,1.1,58.7,Alto,47.5,Moderado,741,2473800.0,Priorizar vistoria e acompanhar nova rodada climática antes de acelerar venda futura.
2026-06-01,06/2026,Goiatuba,GO,Sul Goiano,-18.012,-49.354,Soja,entressafra/preparo,450,60,58.8,120,0.7,27000,26460.0,18900.0,1.05,0.95,0.9,0.08,0.02,20.4,31.2,64.3,1.55,28.17,5,21.3,0.747,0.764,-2.2,45.8,Moderado,58.1,Moderado,378,3175200.0,"Manter acompanhamento semanal, checar umidade do solo e vender apenas com margem de segurança."
2026-07-01,07/2026,Goiatuba,GO,Sul Goiano,-18.012,-49.354,Soja,entressafra/preparo,450,60,57.7,120,0.7,27000,25965.0,18900.0,1.15,1.05,0.92,0.06,0.02,17.4,24.8,52.6,2.37,28.15,13,19.6,0.749,0.751,-0.3,56.0,Alto,65.0,Alto,724,3115800.0,Priorizar vistoria e acompanhar nova rodada climática antes de acelerar venda futura.
2026-08-01,08/2026,Goiatuba,GO,Sul Goiano,-18.012,-49.354,Soja,preparo e planejamento,450,60,56.2,120,0.7,27000,25290.0,18900.0,1.25,1.15,0.94,0.05,0.01,1.5,10.1,22.2,1.77,27.17,21,8.1,0.695,0.748,-7.2,70.5,Alto,74.7,Alto,1197,3034800.0,Priorizar vistoria e acompanhar nova rodada climática antes de acelerar venda futura.
2026-09-01,09/2026,Goiatuba,GO,Sul Goiano,-18.012,-49.354,Soja,pre-plantio,450,60,56.2,120,0.7,27000,25290.0,18900.0,1.35,1.25,0.95,0.04,0.01,5.1,16.9,23.0,1.39,27.79,18,10.7,0.693,0.72,-3.8,70.4,Alto,74.7,Alto,1197,3034800.0,Priorizar vistoria e acompanhar nova rodada climática antes de acelerar venda futura.
2026-10-01,10/2026,Goiatuba,GO,Sul Goiano,-18.012,-49.354,Soja,plantio/emergencia,450,60,57.3,120,0.7,27000,25785.0,18900.0,1.45,1.35,0.96,0.03,0.01,17.0,51.6,75.6,0.97,26.6,10,19.8,0.734,0.784,-6.4,60.0,Alto,67.6,Alto,850,3094200.0,Priorizar vistoria e acompanhar nova rodada climática antes de acelerar venda futura.
2026-11-01,11/2026,Goiatuba,GO,Sul Goiano,-18.012,-49.354,Soja,desenvolvimento vegetativo,450,60,58.0,120,0.7,27000,26100.0,18900.0,1.55,1.45,0.96,0.03,0.01,30.9,57.1,117.9,2.06,28.44,7,24.4,0.752,0.812,-7.4,53.7,Moderado,63.4,Moderado,630,3132000.0,"Manter acompanhamento semanal, checar umidade do solo e vender apenas com margem de segurança."
2026-12-01,12/2026,Goiatuba,GO,Sul Goiano,-18.012,-49.354,Soja,florescimento,450,60,57.3,120,0.7,27000,25785.0,18900.0,1.65,1.55,0.96,0.03,0.01,36.5,72.2,142.5,1.38,27.78,10,32.8,0.684,0.664,2.9,60.2,Alto,67.8,Alto,850,3094200.0,Priorizar vistoria e acompanhar nova rodada climática antes de acelerar venda futura.
2027-01-01,01/2027,Goiatuba,GO,Sul Goiano,-18.012,-49.354,Soja,enchimento de graos,450,60,58.2,120,0.7,27000,26190.0,18900.0,1.5,1.45,0.93,0.05,0.02,45.7,83.8,161.4,0.97,27.1,4,42.4,0.779,0.78,-0.2,52.1,Moderado,62.3,Moderado,567,3142800.0,"Manter acompanhamento semanal, checar umidade do solo e vender apenas com margem de segurança."
2027-02-01,02/2027,Goiatuba,GO,Sul Goiano,-18.012,-49.354,Soja,maturacao/colheita,450,60,58.5,120,0.7,27000,26325.0,18900.0,1.3,1.25,0.88,0.09,0.03,36.7,77.3,138.6,2.76,29.11,7,33.7,0.748,0.784,-4.5,48.6,Moderado,60.0,Moderado,472,3159000.0,"Manter acompanhamento semanal, checar umidade do solo e vender apenas com margem de segurança."
2026-06-01,06/2026,Goiatuba,GO,Sul Goiano,-18.012,-49.354,Milho safrinha,enchimento de graos,750,115,106.5,60,0.3,86250,79875.0,25875.0,1.05,0.95,0.9,0.08,0.02,21.1,42.0,70.6,1.85,28.24,7,21.1,0.651,0.645,0.8,65.9,Alto,52.0,Moderado,1912,4792500.0,Priorizar vistoria e acompanhar nova rodada climática antes de acelerar venda futura.
2026-07-01,07/2026,Goiatuba,GO,Sul Goiano,-18.012,-49.354,Milho safrinha,maturacao/colheita,750,115,105.9,60,0.3,86250,79425.0,25875.0,1.15,1.05,0.92,0.06,0.02,11.7,22.1,46.3,2.12,28.23,14,10.0,0.636,0.667,-4.7,67.8,Alto,53.2,Moderado,2048,4765500.0,Priorizar vistoria e acompanhar nova rodada climática antes de acelerar venda futura.
2026-08-01,08/2026,Goiatuba,GO,Sul Goiano,-18.012,-49.354,Milho safrinha,pos-colheita/comercializacao,750,115,107.1,60,0.3,86250,80325.0,25875.0,1.25,1.15,0.94,0.05,0.01,12.0,22.1,45.5,2.06,29.01,22,12.6,0.64,0.66,-3.0,63.8,Alto,50.7,Moderado,1778,4819500.0,Priorizar vistoria e acompanhar nova rodada climática antes de acelerar venda futura.
2026-09-01,09/2026,Goiatuba,GO,Sul Goiano,-18.012,-49.354,Milho safrinha,planejamento,750,115,107.2,60,0.3,86250,80400.0,25875.0,1.35,1.25,0.95,0.04,0.01,10.2,15.5,28.0,1.14,27.22,19,14.0,0.588,0.589,-0.2,63.2,Alto,50.3,Moderado,1755,4824000.0,Priorizar vistoria e acompanhar nova rodada climática antes de acelerar venda futura.
2026-10-01,10/2026,Goiatuba,GO,Sul Goiano,-18.012,-49.354,Milho safrinha,planejamento,750,115,111.0,60,0.3,86250,83250.0,25875.0,1.45,1.35,0.96,0.03,0.01,18.9,47.6,76.4,0.96,28.09,9,15.6,0.663,0.666,-0.4,49.5,Moderado,41.8,Baixo,900,4995000.0,"Manter acompanhamento semanal, checar umidade do solo e vender apenas com margem de segurança."
2026-11-01,11/2026,Goiatuba,GO,Sul Goiano,-18.012,-49.354,Milho safrinha,planejamento,750,115,112.1,60,0.3,86250,84075.0,25875.0,1.55,1.45,0.96,0.03,0.01,29.2,62.7,113.8,2.06,27.29,8,29.9,0.658,0.719,-8.5,45.4,Moderado,39.2,Baixo,652,5044500.0,"Manter acompanhamento semanal, checar umidade do solo e vender apenas com margem de segurança."
2026-12-01,12/2026,Goiatuba,GO,Sul Goiano,-18.012,-49.354,Milho safrinha,planejamento de janela,750,115,112.1,60,0.3,86250,84075.0,25875.0,1.65,1.55,0.96,0.03,0.01,32.5,64.3,138.4,1.29,27.44,5,35.1,0.628,0.679,-7.5,45.6,Moderado,39.3,Baixo,652,5044500.0,"Manter acompanhamento semanal, checar umidade do solo e vender apenas com margem de segurança."
2027-01-01,01/2027,Goiatuba,GO,Sul Goiano,-18.012,-49.354,Milho safrinha,pre-safrinha,750,115,112.5,60,0.3,86250,84375.0,25875.0,1.5,1.45,0.93,0.05,0.02,42.8,92.6,167.3,1.21,27.55,5,41.3,0.696,0.716,-2.8,43.9,Moderado,38.3,Baixo,562,5062500.0,"Manter acompanhamento semanal, checar umidade do solo e vender apenas com margem de segurança."
2027-02-01,02/2027,Goiatuba,GO,Sul Goiano,-18.012,-49.354,Milho safrinha,plantio safrinha,750,115,108.7,60,0.3,86250,81525.0,25875.0,1.3,1.25,0.88,0.09,0.03,41.7,77.2,149.4,2.13,29.21,7,30.3,0.64,0.638,0.3,57.7,Alto,46.9,Moderado,1418,4891500.0,Priorizar vistoria e acompanhar nova rodada climática antes de acelerar venda futura.
2026-06-01,06/2026,Itumbiara,GO,Sul Goiano,-18.419,-49.215,Soja,entressafra/preparo,750,60,59.1,120,0.3,45000,44325.0,13500.0,1.05,0.95,0.9,0.08,0.02,17.1,35.0,73.6,1.03,26.76,3,18.5,0.747,0.782,-4.4,43.0,Moderado,37.6,Baixo,202,5319000.0,"Manter acompanhamento semanal, checar umidade do solo e vender apenas com margem de segurança."
2026-07-01,07/2026,Itumbiara,GO,Sul Goiano,-18.419,-49.215,Soja,entressafra/preparo,750,60,57.5,120,0.3,45000,43125.0,13500.0,1.15,1.05,0.92,0.06,0.02,11.6,19.5,46.8,1.8,27.1,17,16.3,0.701,0.716,-2.2,58.4,Alto,46.9,Moderado,562,5175000.0,Priorizar vistoria e acompanhar nova rodada climática antes de acelerar venda futura.
2026-08-01,08/2026,Itumbiara,GO,Sul Goiano,-18.419,-49.215,Soja,preparo e planejamento,750,60,56.6,120,0.3,45000,42450.0,13500.0,1.25,1.15,0.94,0.05,0.01,6.2,4.3,27.9,1.83,27.23,22,14.2,0.711,0.712,-0.1,66.4,Alto,51.7,Moderado,765,5094000.0,Priorizar vistoria e acompanhar nova rodada climática antes de acelerar venda futura.
2026-09-01,09/2026,Itumbiara,GO,Sul Goiano,-18.419,-49.215,Soja,pre-plantio,750,60,56.4,120,0.3,45000,42300.0,13500.0,1.35,1.25,0.95,0.04,0.01,12.1,26.3,37.2,1.41,27.02,22,12.2,0.714,0.745,-4.1,68.7,Alto,53.1,Moderado,810,5076000.0,Priorizar vistoria e acompanhar nova rodada climática antes de acelerar venda futura.
2026-10-01,10/2026,Itumbiara,GO,Sul Goiano,-18.419,-49.215,Soja,plantio/emergencia,750,60,57.8,120,0.3,45000,43350.0,13500.0,1.45,1.35,0.96,0.03,0.01,24.6,40.2,82.4,1.15,28.4,10,28.0,0.715,0.714,0.2,55.5,Moderado,45.1,Moderado,495,5202000.0,"Manter acompanhamento semanal, checar umidade do solo e vender apenas com margem de segurança."
2026-11-01,11/2026,Itumbiara,GO,Sul Goiano,-18.419,-49.215,Soja,desenvolvimento vegetativo,750,60,58.4,120,0.3,45000,43800.0,13500.0,1.55,1.45,0.96,0.03,0.01,30.9,60.1,118.6,2.33,27.99,6,35.5,0.762,0.788,-3.3,49.4,Moderado,41.5,Baixo,360,5256000.0,"Manter acompanhamento semanal, checar umidade do solo e vender apenas com margem de segurança."
2026-12-01,12/2026,Itumbiara,GO,Sul Goiano,-18.419,-49.215,Soja,florescimento,750,60,58.0,120,0.3,45000,43500.0,13500.0,1.65,1.55,0.96,0.03,0.01,38.9,77.7,148.3,1.04,26.89,2,38.2,0.73,0.733,-0.4,53.3,Moderado,43.8,Baixo,450,5220000.0,"Manter acompanhamento semanal, checar umidade do solo e vender apenas com margem de segurança."
2027-01-01,01/2027,Itumbiara,GO,Sul Goiano,-18.419,-49.215,Soja,enchimento de graos,750,60,57.8,120,0.3,45000,43350.0,13500.0,1.5,1.45,0.93,0.05,0.02,41.1,88.6,182.2,1.16,27.79,8,39.9,0.737,0.751,-1.9,55.5,Moderado,45.1,Moderado,495,5202000.0,"Manter acompanhamento semanal, checar umidade do solo e vender apenas com margem de segurança."
2027-02-01,02/2027,Itumbiara,GO,Sul Goiano,-18.419,-49.215,Soja,maturacao/colheita,750,60,58.6,120,0.3,45000,43950.0,13500.0,1.3,1.25,0.88,0.09,0.03,37.3,78.0,141.4,1.91,28.8,10,30.7,0.731,0.759,-3.6,47.8,Moderado,40.5,Baixo,315,5274000.0,"Manter acompanhamento semanal, checar umidade do solo e vender apenas com margem de segurança."
2026-06-01,06/2026,Itumbiara,GO,Sul Goiano,-18.419,-49.215,Milho safrinha,enchimento de graos,900,115,106.2,60,0.7,103500,95580.0,72450.0,1.05,0.95,0.9,0.08,0.02,15.1,32.8,68.3,1.49,28.19,9,19.0,0.638,0.582,9.7,67.0,Alto,73.7,Alto,5544,5734800.0,Priorizar vistoria e acompanhar nova rodada climática antes de acelerar venda futura.
2026-07-01,07/2026,Itumbiara,GO,Sul Goiano,-18.419,-49.215,Milho safrinha,maturacao/colheita,900,115,107.4,60,0.7,103500,96660.0,72450.0,1.15,1.05,0.92,0.06,0.02,12.2,19.0,53.3,1.52,26.74,16,14.0,0.636,0.649,-2.1,62.6,Alto,70.6,Alto,4788,5799600.0,Priorizar vistoria e acompanhar nova rodada climática antes de acelerar venda futura.
2026-08-01,08/2026,Itumbiara,GO,Sul Goiano,-18.419,-49.215,Milho safrinha,pos-colheita/comercializacao,900,115,105.7,60,0.7,103500,95130.0,72450.0,1.25,1.15,0.94,0.05,0.01,3.7,16.1,30.3,2.25,27.95,19,8.4,0.653,0.689,-5.3,68.7,Alto,74.9,Alto,5859,5707800.0,Priorizar vistoria e acompanhar nova rodada climática antes de acelerar venda futura.
2026-09-01,09/2026,Itumbiara,GO,Sul Goiano,-18.419,-49.215,Milho safrinha,planejamento,900,115,105.9,60,0.7,103500,95310.0,72450.0,1.35,1.25,0.95,0.04,0.01,6.3,13.3,28.9,1.92,28.15,21,12.3,0.623,0.631,-1.4,67.9,Alto,74.4,Alto,5733,5718600.0,Priorizar vistoria e acompanhar nova rodada climática antes de acelerar venda futura.
2026-10-01,10/2026,Itumbiara,GO,Sul Goiano,-18.419,-49.215,Milho safrinha,planejamento,900,115,110.6,60,0.7,103500,99540.0,72450.0,1.45,1.35,0.96,0.03,0.01,17.7,36.7,71.2,1.28,27.31,13,19.5,0.651,0.616,5.7,50.9,Moderado,62.2,Moderado,2772,5972400.0,"Manter acompanhamento semanal, checar umidade do solo e vender apenas com margem de segurança."
2026-11-01,11/2026,Itumbiara,GO,Sul Goiano,-18.419,-49.215,Milho safrinha,planejamento,900,115,113.7,60,0.7,103500,102330.0,72450.0,1.55,1.45,0.96,0.03,0.01,35.8,70.0,131.2,1.48,28.73,6,35.6,0.645,0.675,-4.5,39.8,Moderado,54.2,Moderado,819,6139800.0,"Manter acompanhamento semanal, checar umidade do solo e vender apenas com margem de segurança."
2026-12-01,12/2026,Itumbiara,GO,Sul Goiano,-18.419,-49.215,Milho safrinha,planejamento de janela,900,115,111.9,60,0.7,103500,100710.0,72450.0,1.65,1.55,0.96,0.03,0.01,40.4,68.9,138.5,1.25,27.38,7,35.1,0.662,0.686,-3.5,46.2,Moderado,58.8,Moderado,1953,6042600.0,"Manter acompanhamento semanal, checar umidade do solo e vender apenas com margem de segurança."
2027-01-01,01/2027,Itumbiara,GO,Sul Goiano,-18.419,-49.215,Milho safrinha,pre-safrinha,900,115,112.6,60,0.7,103500,101340.0,72450.0,1.5,1.45,0.93,0.05,0.02,48.0,98.3,189.6,1.36,28.02,7,44.6,0.635,0.69,-8.1,43.8,Moderado,57.1,Moderado,1512,6080400.0,"Manter acompanhamento semanal, checar umidade do solo e vender apenas com margem de segurança."
2027-02-01,02/2027,Itumbiara,GO,Sul Goiano,-18.419,-49.215,Milho safrinha,plantio safrinha,900,115,108.7,60,0.7,103500,97830.0,72450.0,1.3,1.25,0.88,0.09,0.03,30.9,70.5,132.7,2.28,28.48,8,32.4,0.677,0.703,-3.7,57.7,Alto,67.1,Alto,3969,5869800.0,Priorizar vistoria e acompanhar nova rodada climática antes de acelerar venda futura.
2026-06-01,06/2026,Morrinhos,GO,Sul Goiano,-17.731,-49.099,Soja,entressafra/preparo,900,60,58.6,120,0.7,54000,52740.0,37800.0,1.05,0.95,0.9,0.08,0.02,19.5,38.0,63.8,1.19,27.55,9,18.8,0.756,0.767,-1.5,47.6,Moderado,59.3,Moderado,882,6328800.0,"Manter acompanhamento semanal, checar umidade do solo e vender apenas com margem de segurança."
2026-07-01,07/2026,Morrinhos,GO,Sul Goiano,-17.731,-49.099,Soja,entressafra/preparo,900,60,57.2,120,0.7,54000,51480.0,37800.0,1.15,1.05,0.92,0.06,0.02,11.1,22.1,44.1,1.53,26.67,17,11.0,0.678,0.639,6.1,61.0,Alto,68.3,Alto,1764,6177600.0,Priorizar vistoria e acompanhar nova rodada climática antes de acelerar venda futura.
2026-08-01,08/2026,Morrinhos,GO,Sul Goiano,-17.731,-49.099,Soja,preparo e planejamento,900,60,56.0,120,0.7,54000,50400.0,37800.0,1.25,1.15,0.94,0.05,0.01,10.0,3.9,20.2,2.25,27.84,27,8.6,0.679,0.631,7.5,72.0,Alto,75.8,Alto,2520,6048000.0,Priorizar vistoria e acompanhar nova rodada climática antes de acelerar venda futura.
2026-09-01,09/2026,Morrinhos,GO,Sul Goiano,-17.731,-49.099,Soja,pre-plantio,900,60,56.7,120,0.7,54000,51030.0,37800.0,1.35,1.25,0.95,0.04,0.01,8.2,20.4,52.6,1.66,29.12,23,14.9,0.711,0.747,-4.9,65.6,Alto,71.4,Alto,2079,6123600.0,Priorizar vistoria e acompanhar nova rodada climática antes de acelerar venda futura.
2026-10-01,10/2026,Morrinhos,GO,Sul Goiano,-17.731,-49.099,Soja,plantio/emergencia,900,60,57.1,120,0.7,54000,51390.0,37800.0,1.45,1.35,0.96,0.03,0.01,20.3,42.9,79.8,1.08,26.63,11,17.0,0.699,0.689,1.4,61.8,Alto,68.9,Alto,1827,6166800.0,Priorizar vistoria e acompanhar nova rodada climática antes de acelerar venda futura.
2026-11-01,11/2026,Morrinhos,GO,Sul Goiano,-17.731,-49.099,Soja,desenvolvimento vegetativo,900,60,58.2,120,0.7,54000,52380.0,37800.0,1.55,1.45,0.96,0.03,0.01,32.4,59.7,113.1,2.43,27.49,5,31.1,0.692,0.701,-1.3,51.4,Moderado,61.9,Moderado,1134,6285600.0,"Manter acompanhamento semanal, checar umidade do solo e vender apenas com margem de segurança."
2026-12-01,12/2026,Morrinhos,GO,Sul Goiano,-17.731,-49.099,Soja,florescimento,900,60,57.6,120,0.7,54000,51840.0,37800.0,1.65,1.55,0.96,0.03,0.01,38.6,74.7,153.0,0.97,26.61,6,32.0,0.719,0.733,-2.0,57.4,Alto,65.9,Alto,1512,6220800.0,Priorizar vistoria e acompanhar nova rodada climática antes de acelerar venda futura.
2027-01-01,01/2027,Morrinhos,GO,Sul Goiano,-17.731,-49.099,Soja,enchimento de graos,900,60,58.0,120,0.7,54000,52200.0,37800.0,1.5,1.45,0.93,0.05,0.02,47.3,91.1,173.0,1.13,26.87,5,42.1,0.715,0.731,-2.2,53.2,Moderado,63.1,Moderado,1260,6264000.0,"Manter acompanhamento semanal, checar umidade do solo e vender apenas com margem de segurança."
2027-02-01,02/2027,Morrinhos,GO,Sul Goiano,-17.731,-49.099,Soja,maturacao/colheita,900,60,58.4,120,0.7,54000,52560.0,37800.0,1.3,1.25,0.88,0.09,0.03,30.0,67.8,136.7,2.74,27.99,6,29.8,0.741,0.749,-1.0,49.9,Moderado,60.8,Moderado,1008,6307200.0,"Manter acompanhamento semanal, checar umidade do solo e vender apenas com margem de segurança."
2026-06-01,06/2026,Morrinhos,GO,Sul Goiano,-17.731,-49.099,Milho safrinha,enchimento de graos,610,115,108.1,60,0.3,70150,65941.0,21045.0,1.05,0.95,0.9,0.08,0.02,20.1,36.8,77.2,1.29,28.58,5,24.0,0.648,0.673,-3.8,60.0,Alto,48.3,Moderado,1263,3956460.0,Priorizar vistoria e acompanhar nova rodada climática antes de acelerar venda futura.
2026-07-01,07/2026,Morrinhos,GO,Sul Goiano,-17.731,-49.099,Milho safrinha,maturacao/colheita,610,115,105.8,60,0.3,70150,64538.0,21045.0,1.15,1.05,0.92,0.06,0.02,10.5,20.8,41.3,1.76,28.34,18,10.8,0.582,0.594,-2.2,68.4,Alto,53.5,Moderado,1684,3872280.0,Priorizar vistoria e acompanhar nova rodada climática antes de acelerar venda futura.
2026-08-01,08/2026,Morrinhos,GO,Sul Goiano,-17.731,-49.099,Milho safrinha,pos-colheita/comercializacao,610,115,107.2,60,0.3,70150,65392.0,21045.0,1.25,1.15,0.94,0.05,0.01,17.2,21.6,49.2,2.42,28.09,24,16.4,0.617,0.626,-1.6,63.1,Alto,50.2,Moderado,1427,3923520.0,Priorizar vistoria e acompanhar nova rodada climática antes de acelerar venda futura.
2026-09-01,09/2026,Morrinhos,GO,Sul Goiano,-17.731,-49.099,Milho safrinha,planejamento,610,115,106.7,60,0.3,70150,65087.0,21045.0,1.35,1.25,0.95,0.04,0.01,4.7,8.8,26.8,1.09,27.11,19,11.0,0.583,0.607,-3.8,65.1,Alto,51.5,Moderado,1519,3905220.0,Priorizar vistoria e acompanhar nova rodada climática antes de acelerar venda futura.
2026-10-01,10/2026,Morrinhos,GO,Sul Goiano,-17.731,-49.099,Milho safrinha,planejamento,610,115,111.1,60,0.3,70150,67771.0,21045.0,1.45,1.35,0.96,0.03,0.01,21.2,31.9,80.5,1.41,26.68,15,22.0,0.635,0.649,-2.1,49.1,Moderado,41.5,Baixo,714,4066260.0,"Manter acompanhamento semanal, checar umidade do solo e vender apenas com margem de segurança."
2026-11-01,11/2026,Morrinhos,GO,Sul Goiano,-17.731,-49.099,Milho safrinha,planejamento,610,115,112.8,60,0.3,70150,68808.0,21045.0,1.55,1.45,0.96,0.03,0.01,33.6,67.0,128.0,1.97,28.07,4,31.4,0.642,0.639,0.5,42.8,Moderado,37.6,Baixo,403,4128480.0,"Manter acompanhamento semanal, checar umidade do solo e vender apenas com margem de segurança."
2026-12-01,12/2026,Morrinhos,GO,Sul Goiano,-17.731,-49.099,Milho safrinha,planejamento de janela,610,115,112.4,60,0.3,70150,68564.0,21045.0,1.65,1.55,0.96,0.03,0.01,41.6,88.2,159.1,1.03,26.84,8,37.7,0.72,0.744,-3.3,44.6,Moderado,38.7,Baixo,476,4113840.0,"Manter acompanhamento semanal, checar umidade do solo e vender apenas com margem de segurança."
2027-01-01,01/2027,Morrinhos,GO,Sul Goiano,-17.731,-49.099,Milho safrinha,pre-safrinha,610,115,112.1,60,0.3,70150,68381.0,21045.0,1.5,1.45,0.93,0.05,0.02,42.8,86.7,169.7,1.06,27.48,6,37.3,0.627,0.596,5.2,45.5,Moderado,39.3,Baixo,531,4102860.0,"Manter acompanhamento semanal, checar umidade do solo e vender apenas com margem de segurança."
2027-02-01,02/2027,Morrinhos,GO,Sul Goiano,-17.731,-49.099,Milho safrinha,plantio safrinha,610,115,109.2,60,0.3,70150,66612.0,21045.0,1.3,1.25,0.88,0.09,0.03,30.4,71.2,147.6,2.4,29.9,7,36.5,0.642,0.654,-1.9,56.0,Alto,45.8,Moderado,1061,3996720.0,Priorizar vistoria e acompanhar nova rodada climática antes de acelerar venda futura.
2026-06-01,06/2026,Cristalina,GO,Leste Goiano,-16.768,-47.613,Soja,entressafra/preparo,610,60,58.2,120,0.7,36600,35502.0,25620.0,1.05,0.95,0.9,0.08,0.02,14.4,26.8,54.3,1.58,27.18,9,17.0,0.697,0.725,-3.9,51.9,Moderado,62.1,Moderado,769,4260240.0,"Manter acompanhamento semanal, checar umidade do solo e vender apenas com margem de segurança."
2026-07-01,07/2026,Cristalina,GO,Leste Goiano,-16.768,-47.613,Soja,entressafra/preparo,610,60,56.6,120,0.7,36600,34526.0,25620.0,1.15,1.05,0.92,0.06,0.02,3.7,7.9,14.9,2.07,28.35,13,11.2,0.729,0.758,-3.8,66.7,Alto,72.2,Alto,1452,4143120.0,Priorizar vistoria e acompanhar nova rodada climática antes de acelerar venda futura.
2026-08-01,08/2026,Cristalina,GO,Leste Goiano,-16.768,-47.613,Soja,preparo e planejamento,610,60,56.0,120,0.7,36600,34160.0,25620.0,1.25,1.15,0.94,0.05,0.01,0.0,0.0,6.1,1.92,27.55,22,8.0,0.7,0.713,-1.9,72.2,Alto,75.9,Alto,1708,4099200.0,Priorizar vistoria e acompanhar nova rodada climática antes de acelerar venda futura.
2026-09-01,09/2026,Cristalina,GO,Leste Goiano,-16.768,-47.613,Soja,pre-plantio,610,60,56.1,120,0.7,36600,34221.0,25620.0,1.35,1.25,0.95,0.04,0.01,0.0,8.8,16.4,1.17,27.08,18,10.4,0.727,0.772,-5.9,70.9,Alto,75.0,Alto,1665,4106520.0,Priorizar vistoria e acompanhar nova rodada climática antes de acelerar venda futura.
2026-10-01,10/2026,Cristalina,GO,Leste Goiano,-16.768,-47.613,Soja,plantio/emergencia,610,60,56.5,120,0.7,36600,34465.0,25620.0,1.45,1.35,0.96,0.03,0.01,13.2,34.0,51.1,1.02,26.65,11,15.8,0.697,0.716,-2.7,67.5,Alto,72.7,Alto,1494,4135800.0,Priorizar vistoria e acompanhar nova rodada climática antes de acelerar venda futura.
2026-11-01,11/2026,Cristalina,GO,Leste Goiano,-16.768,-47.613,Soja,desenvolvimento vegetativo,610,60,58.4,120,0.7,36600,35624.0,25620.0,1.55,1.45,0.96,0.03,0.01,29.3,55.8,103.0,2.44,27.55,1,30.4,0.684,0.693,-1.4,50.2,Moderado,61.0,Moderado,683,4274880.0,"Manter acompanhamento semanal, checar umidade do solo e vender apenas com margem de segurança."
2026-12-01,12/2026,Cristalina,GO,Leste Goiano,-16.768,-47.613,Soja,florescimento,610,60,57.5,120,0.7,36600,35075.0,25620.0,1.65,1.55,0.96,0.03,0.01,31.0,52.1,117.5,1.49,27.14,0,29.9,0.717,0.695,3.2,58.0,Alto,66.3,Alto,1068,4209000.0,Priorizar vistoria e acompanhar nova rodada climática antes de acelerar venda futura.
2027-01-01,01/2027,Cristalina,GO,Leste Goiano,-16.768,-47.613,Soja,enchimento de graos,610,60,57.6,120,0.7,36600,35136.0,25620.0,1.5,1.45,0.93,0.05,0.02,39.2,77.7,149.7,1.13,26.55,7,35.3,0.708,0.699,1.2,57.0,Alto,65.7,Alto,1025,4216320.0,Priorizar vistoria e acompanhar nova rodada climática antes de acelerar venda futura.
2027-02-01,02/2027,Cristalina,GO,Leste Goiano,-16.768,-47.613,Soja,maturacao/colheita,610,60,58.7,120,0.7,36600,35807.0,25620.0,1.3,1.25,0.88,0.09,0.03,29.2,57.5,119.0,2.73,27.91,4,33.7,0.717,0.715,0.2,47.4,Moderado,59.1,Moderado,555,4296840.0,"Manter acompanhamento semanal, checar umidade do solo e vender apenas com margem de segurança."
2026-06-01,06/2026,Cristalina,GO,Leste Goiano,-16.768,-47.613,Milho safrinha,enchimento de graos,520,115,104.3,60,0.3,59800,54236.0,17940.0,1.05,0.95,0.9,0.08,0.02,19.3,25.8,55.4,1.67,27.38,12,15.0,0.624,0.647,-3.5,73.7,Alto,56.8,Moderado,1669,3254160.0,Priorizar vistoria e acompanhar nova rodada climática antes de acelerar venda futura.
2026-07-01,07/2026,Cristalina,GO,Leste Goiano,-16.768,-47.613,Milho safrinha,maturacao/colheita,520,115,107.7,60,0.3,59800,56004.0,17940.0,1.15,1.05,0.92,0.06,0.02,8.8,25.9,34.7,1.61,27.89,12,19.2,0.632,0.638,-0.9,61.6,Alto,49.3,Moderado,1139,3360240.0,Priorizar vistoria e acompanhar nova rodada climática antes de acelerar venda futura.
2026-08-01,08/2026,Cristalina,GO,Leste Goiano,-16.768,-47.613,Milho safrinha,pos-colheita/comercializacao,520,115,105.1,60,0.3,59800,54652.0,17940.0,1.25,1.15,0.94,0.05,0.01,0.0,0.0,7.7,2.3,27.91,20,8.0,0.641,0.673,-4.9,71.0,Alto,55.1,Moderado,1544,3279120.0,Priorizar vistoria e acompanhar nova rodada climática antes de acelerar venda futura.
2026-09-01,09/2026,Cristalina,GO,Leste Goiano,-16.768,-47.613,Milho safrinha,planejamento,520,115,105.8,60,0.3,59800,55016.0,17940.0,1.35,1.25,0.95,0.04,0.01,1.0,7.1,21.0,1.78,27.59,20,12.2,0.63,0.656,-4.0,68.5,Alto,53.6,Moderado,1435,3300960.0,Priorizar vistoria e acompanhar nova rodada climática antes de acelerar venda futura.
2026-10-01,10/2026,Cristalina,GO,Leste Goiano,-16.768,-47.613,Milho safrinha,planejamento,520,115,110.9,60,0.3,59800,57668.0,17940.0,1.45,1.35,0.96,0.03,0.01,20.9,34.5,72.5,1.11,27.27,15,21.1,0.665,0.707,-5.9,49.8,Moderado,42.0,Baixo,640,3460080.0,"Manter acompanhamento semanal, checar umidade do solo e vender apenas com margem de segurança."
2026-11-01,11/2026,Cristalina,GO,Leste Goiano,-16.768,-47.613,Milho safrinha,planejamento,520,115,112.5,60,0.3,59800,58500.0,17940.0,1.55,1.45,0.96,0.03,0.01,21.8,47.7,99.7,1.71,28.94,4,26.3,0.656,0.678,-3.3,44.0,Moderado,38.4,Baixo,390,3510000.0,"Manter acompanhamento semanal, checar umidade do solo e vender apenas com margem de segurança."
2026-12-01,12/2026,Cristalina,GO,Leste Goiano,-16.768,-47.613,Milho safrinha,planejamento de janela,520,115,112.5,60,0.3,59800,58500.0,17940.0,1.65,1.55,0.96,0.03,0.01,32.1,74.7,135.3,1.26,27.43,5,38.4,0.675,0.708,-4.7,44.0,Moderado,38.4,Baixo,390,3510000.0,"Manter acompanhamento semanal, checar umidade do solo e vender apenas com margem de segurança."
2027-01-01,01/2027,Cristalina,GO,Leste Goiano,-16.768,-47.613,Milho safrinha,pre-safrinha,520,115,112.6,60,0.3,59800,58552.0,17940.0,1.5,1.45,0.93,0.05,0.02,39.0,85.9,154.0,0.78,27.02,3,36.4,0.678,0.724,-6.3,43.6,Moderado,38.1,Baixo,374,3513120.0,"Manter acompanhamento semanal, checar umidade do solo e vender apenas com margem de segurança."
2027-02-01,02/2027,Cristalina,GO,Leste Goiano,-16.768,-47.613,Milho safrinha,plantio safrinha,520,115,107.4,60,0.3,59800,55848.0,17940.0,1.3,1.25,0.88,0.09,0.03,35.9,65.6,123.2,2.36,29.92,9,23.8,0.646,0.671,-3.7,62.4,Alto,49.8,Moderado,1186,3350880.0,Priorizar vistoria e acompanhar nova rodada climática antes de acelerar venda futura.
2026-06-01,06/2026,Formosa,GO,Leste Goiano,-15.537,-47.334,Soja,entressafra/preparo,1050,60,58.6,120,0.3,63000,61530.0,18900.0,1.05,0.95,0.9,0.08,0.02,14.0,33.3,57.6,1.19,27.06,6,17.6,0.736,0.792,-7.2,48.2,Moderado,40.7,Baixo,441,7383600.0,"Manter acompanhamento semanal, checar umidade do solo e vender apenas com margem de segurança."
2026-07-01,07/2026,Formosa,GO,Leste Goiano,-15.537,-47.334,Soja,entressafra/preparo,1050,60,56.8,120,0.3,63000,59640.0,18900.0,1.15,1.05,0.92,0.06,0.02,8.0,7.8,26.6,2.1,27.73,13,10.9,0.677,0.709,-4.4,64.9,Alto,50.8,Moderado,1008,7156800.0,Priorizar vistoria e acompanhar nova rodada climática antes de acelerar venda futura.
2026-08-01,08/2026,Formosa,GO,Leste Goiano,-15.537,-47.334,Soja,preparo e planejamento,1050,60,56.1,120,0.3,63000,58905.0,18900.0,1.25,1.15,0.94,0.05,0.01,0.0,4.7,4.9,1.89,28.32,22,9.8,0.678,0.698,-3.0,71.4,Alto,54.7,Moderado,1228,7068600.0,Priorizar vistoria e acompanhar nova rodada climática antes de acelerar venda futura.
2026-09-01,09/2026,Formosa,GO,Leste Goiano,-15.537,-47.334,Soja,pre-plantio,1050,60,56.6,120,0.3,63000,59430.0,18900.0,1.35,1.25,0.95,0.04,0.01,0.0,3.5,20.4,1.02,27.78,19,16.9,0.681,0.701,-2.8,66.1,Alto,51.6,Moderado,1071,7131600.0,Priorizar vistoria e acompanhar nova rodada climática antes de acelerar venda futura.
2026-10-01,10/2026,Formosa,GO,Leste Goiano,-15.537,-47.334,Soja,plantio/emergencia,1050,60,56.9,120,0.3,63000,59745.0,18900.0,1.45,1.35,0.96,0.03,0.01,22.9,44.8,66.9,1.4,28.01,13,21.2,0.685,0.68,0.8,63.6,Alto,50.0,Moderado,976,7169400.0,Priorizar vistoria e acompanhar nova rodada climática antes de acelerar venda futura.
2026-11-01,11/2026,Formosa,GO,Leste Goiano,-15.537,-47.334,Soja,desenvolvimento vegetativo,1050,60,58.1,120,0.3,63000,61005.0,18900.0,1.55,1.45,0.96,0.03,0.01,24.4,52.7,103.0,2.37,28.94,7,30.4,0.687,0.697,-1.5,52.2,Moderado,43.2,Baixo,598,7320600.0,"Manter acompanhamento semanal, checar umidade do solo e vender apenas com margem de segurança."
2026-12-01,12/2026,Formosa,GO,Leste Goiano,-15.537,-47.334,Soja,florescimento,1050,60,57.2,120,0.3,63000,60060.0,18900.0,1.65,1.55,0.96,0.03,0.01,30.1,53.9,121.5,1.27,28.18,7,27.4,0.749,0.795,-5.7,60.9,Alto,48.4,Moderado,882,7207200.0,Priorizar vistoria e acompanhar nova rodada climática antes de acelerar venda futura.
2027-01-01,01/2027,Formosa,GO,Leste Goiano,-15.537,-47.334,Soja,enchimento de graos,1050,60,57.9,120,0.3,63000,60795.0,18900.0,1.5,1.45,0.93,0.05,0.02,35.4,78.6,153.2,1.01,27.66,8,40.9,0.7,0.687,1.9,54.5,Moderado,44.5,Baixo,662,7295400.0,"Manter acompanhamento semanal, checar umidade do solo e vender apenas com margem de segurança."
2027-02-01,02/2027,Formosa,GO,Leste Goiano,-15.537,-47.334,Soja,maturacao/colheita,1050,60,58.8,120,0.3,63000,61740.0,18900.0,1.3,1.25,0.88,0.09,0.03,32.0,55.8,124.3,2.26,27.98,4,32.3,0.711,0.696,2.0,46.1,Moderado,39.5,Baixo,378,7408800.0,"Manter acompanhamento semanal, checar umidade do solo e vender apenas com margem de segurança."
2026-06-01,06/2026,Formosa,GO,Leste Goiano,-15.537,-47.334,Milho safrinha,enchimento de graos,900,115,102.7,60,0.5,103500,92430.0,51750.0,1.05,0.95,0.9,0.08,0.02,10.4,10.3,20.1,1.92,27.65,6,13.2,0.569,0.592,-3.8,79.7,Crítico,71.7,Alto,5535,5545800.0,Priorizar vistoria e acompanhar nova rodada climática antes de acelerar venda futura.
2026-07-01,07/2026,Formosa,GO,Leste Goiano,-15.537,-47.334,Milho safrinha,maturacao/colheita,900,115,106.0,60,0.5,103500,95400.0,51750.0,1.15,1.05,0.92,0.06,0.02,7.2,21.7,29.9,1.75,27.22,12,11.4,0.626,0.664,-5.7,67.7,Alto,63.6,Moderado,4050,5724000.0,Priorizar vistoria e acompanhar nova rodada climática antes de acelerar venda futura.
2026-08-01,08/2026,Formosa,GO,Leste Goiano,-15.537,-47.334,Milho safrinha,pos-colheita/comercializacao,900,115,105.1,60,0.5,103500,94590.0,51750.0,1.25,1.15,0.94,0.05,0.01,0.0,7.5,0.0,1.99,27.54,18,8.0,0.629,0.637,-1.3,71.0,Alto,65.9,Alto,4455,5675400.0,Priorizar vistoria e acompanhar nova rodada climática antes de acelerar venda futura.
2026-09-01,09/2026,Formosa,GO,Leste Goiano,-15.537,-47.334,Milho safrinha,planejamento,900,115,105.5,60,0.5,103500,94950.0,51750.0,1.35,1.25,0.95,0.04,0.01,0.0,9.1,12.6,1.27,27.75,18,8.7,0.58,0.607,-4.4,69.3,Alto,64.7,Moderado,4275,5697000.0,Priorizar vistoria e acompanhar nova rodada climática antes de acelerar venda futura.
2026-10-01,10/2026,Formosa,GO,Leste Goiano,-15.537,-47.334,Milho safrinha,planejamento,900,115,110.4,60,0.5,103500,99360.0,51750.0,1.45,1.35,0.96,0.03,0.01,16.7,19.3,52.7,0.92,26.43,12,20.6,0.622,0.639,-2.6,51.8,Moderado,53.0,Moderado,2070,5961600.0,"Manter acompanhamento semanal, checar umidade do solo e vender apenas com margem de segurança."
2026-11-01,11/2026,Formosa,GO,Leste Goiano,-15.537,-47.334,Milho safrinha,planejamento,900,115,111.4,60,0.5,103500,100260.0,51750.0,1.55,1.45,0.96,0.03,0.01,27.2,59.0,106.9,2.11,27.61,7,23.7,0.582,0.608,-4.3,48.1,Moderado,50.5,Moderado,1620,6015600.0,"Manter acompanhamento semanal, checar umidade do solo e vender apenas com margem de segurança."
2026-12-01,12/2026,Formosa,GO,Leste Goiano,-15.537,-47.334,Milho safrinha,planejamento de janela,900,115,111.3,60,0.5,103500,100170.0,51750.0,1.65,1.55,0.96,0.03,0.01,31.0,59.0,136.1,1.45,28.68,6,31.0,0.65,0.699,-7.1,48.4,Moderado,50.7,Moderado,1665,6010200.0,"Manter acompanhamento semanal, checar umidade do solo e vender apenas com margem de segurança."
2027-01-01,01/2027,Formosa,GO,Leste Goiano,-15.537,-47.334,Milho safrinha,pre-safrinha,900,115,111.9,60,0.5,103500,100710.0,51750.0,1.5,1.45,0.93,0.05,0.02,34.1,69.9,142.2,0.86,26.93,8,35.4,0.652,0.66,-1.2,46.3,Moderado,49.3,Moderado,1395,6042600.0,"Manter acompanhamento semanal, checar umidade do solo e vender apenas com margem de segurança."
2027-02-01,02/2027,Formosa,GO,Leste Goiano,-15.537,-47.334,Milho safrinha,plantio safrinha,900,115,107.8,60,0.5,103500,97020.0,51750.0,1.3,1.25,0.88,0.09,0.03,27.0,61.1,108.9,2.25,30.17,8,24.6,0.619,0.663,-6.6,61.1,Alto,59.2,Moderado,3240,5821200.0,Priorizar vistoria e acompanhar nova rodada climática antes de acelerar venda futura.
