data_referencia,mes,nino34,oni,prob_el_nino,prob_neutro,prob_la_nina,status_enso
2026-06-01,06/2026,1.05,0.95,0.9,0.08,0.02,El Niño provável
2026-07-01,07/2026,1.15,1.05,0.92,0.06,0.02,El Niño provável
2026-08-01,08/2026,1.25,1.15,0.94,0.05,0.01,El Niño provável
2026-09-01,09/2026,1.35,1.25,0.95,0.04,0.01,El Niño provável
2026-10-01,10/2026,1.45,1.35,0.96,0.03,0.01,El Niño provável
2026-11-01,11/2026,1.55,1.45,0.96,0.03,0.01,El Niño provável
2026-12-01,12/2026,1.65,1.55,0.96,0.03,0.01,El Niño provável
2027-01-01,01/2027,1.5,1.45,0.93,0.05,0.02,El Niño provável
2027-02-01,02/2027,1.3,1.25,0.88,0.09,0.03,El Niño provável
